프로그래밍기초 책 (Doit첫코딩 With 파이썬),https://blog.naver.com/thwnd20/222224502574
파이썬 설치는 초보자에게 아나콘다가 편합니다.,https://blog.naver.com/ocmarketing/222197056590
라즈베리파이 피코(Raspberry Pi Pico)(1) : 마이크로파이썬으로 프로그래밍 / LED,https://blog.naver.com/cosmosjs/222230842225
파이썬 학원 어떤 과정을 밟을까,https://blog.naver.com/eorifi5/222198901598
파이썬 할 때 보통 어떻게 깔아서 쓰시나요?,https://cafe.naver.com/inmacbook/2389216
첫코딩 공부는 Do it 첫 코딩 with 파이썬으로 코알못 탈출기,https://blog.naver.com/dahee227/222234660448
파이썬학원 : 추운데 집에서 공부해 !,https://blog.naver.com/designer_dh/222175667325
파이썬 자격증 따도 취업 안되는 이유?,https://blog.naver.com/dabin8897/222223097893
파이썬의 모든 것,https://post.naver.com/viewer/postView.nhn?volumeNo=30666942&memberNo=15488377&vType=VERTICAL
네트워크 파이썬 자동화스크립트의 가치..?,https://cafe.naver.com/neteg/230955
카이스트 공익이 파이썬으로 업무 자동화한 비법?,https://adcr.naver.com/adcr?x=qn3RkL1Ru+KVw9JO5Vv2E////w==kiBE64JRRBYIDMN12h0BxSZ3GnwHIKK/mbD9fDfqhIQj6Q3NXHBs2HR7ryIgR+d9vcBuhJWSpU5dpfFJ3JlNhzREmEfZGMym/jRrENUcWh7lJeVI4bnGVTgef/W2o7Lxi0OzVoHK55HZaXbQgTEnPIe9BXcbIVhGJCj20JV3fC0UkwTU3SyMtSnn5A1Fg0rLSRhGItipiL+DNSxWN60nDP8sr+F/xr7crkbWVz1yo/qGGgL+AK+NLI/NbpWTBWYwDc2ULBrMifKSbGI2jEWa03DOavjR1A0uaykEzkNOYzYeARx0POS1LfgwLqzH7/Amd9XSRTedhw9B12OsCtifgESQFUwinwrFRUQpnx1iYYaN9UulyE4eVwFpqQuFbDZ18T9gxnkBZpjVa7/i0YYeBNWeeU32SeHXzObBIuvCmLJJk3IErFVB2AL0QN/QZpFIU2tVtTIqoYrWeV9TB3MVC8o+qMl3FO/oahzrQYTXW3HLd8yjWkb4urvWj031MdxoaxWtRTH4yx3UpSvLOtMbS94/1E+oZDaXpiAc0ZyUrUEFqZtIfyTq8bN/mmtGsYkqN
파이썬코딩 교육 : 목적에 따른 프로그래밍 기초 입문,https://blog.naver.com/ridesafe/222167109657
부산파이썬학원 대학생들에게 유명한 곳,https://blog.naver.com/cdh0584/222191659212
강남파이썬학원 기본부터 구축하기!,https://blog.naver.com/chltjsal1126/222228987819
파이썬인강 처음이라면 어렵지 않게,https://blog.naver.com/hecouple/222221577029
파이썬 과 R고민/ SQL,https://cafe.naver.com/sqlpd/16991
데이터 분석 파이썬 강좌 클룸에서 독학 해보자.,https://blog.naver.com/aiwositai/222198330769
OpenCV fft 질문. 파이썬..,https://cafe.naver.com/opencv/55606
파이썬 데이터분석 비전공자도 가능한이유!,https://blog.naver.com/sujung1540/222162699559
파이썬 크롤링-쿠팡 상품평,https://blog.naver.com/ytlee64/222240488478
파이썬+엑셀로 사무자동화를 꿈꿉니다. 방법 추천 부탁드려요.,https://cafe.naver.com/fx8300/787126
전주코딩학원에서 블록코딩 파이썬 C언어 C++ 함께 배워봐요,https://blog.naver.com/stupid1714/222120011506
파이썬 딥러닝 머신러닝 입문,https://blog.naver.com/infopub/222174220259
선배님들 조언 부탁드립니다.(VBA VS 파이썬),https://cafe.naver.com/excelmaster/191013
파이썬으로 시작해도 비전공으로써 가능성이 있을까요?,https://cafe.naver.com/javachobostudy/171391
"멋쟁이사자처럼, 코드라이언으로 이두희에게 파이썬 배우기 (직장인 코딩교육)",https://blog.naver.com/ha_tak/222166609733
파이썬 환경변수 설정하기,https://blog.naver.com/as12345df/222238325249
파이썬독학 쉽게하자!,https://blog.naver.com/smujack/222204710164
AWS Lambda iot-data publish 타임아웃 발생 - 파이썬,https://blog.naver.com/chandong83/222219223096
파이썬 편집 프로그램 PyCharm 에서 한글 설치와 패키지 관리,https://blog.naver.com/chogar/222235100945
"anaconda 설치 방법, 파이썬 주피터 노트북",https://blog.naver.com/lcj8390/222207307210
